{
  "favorites": [],
  "lookup_history": [
    "item:artifacts:universal_attractor",
    "item:cobblemon:pc",
    "item:supplementaries:ash",
    "item:artifacts:crystal_heart",
    "item:artifacts:anglers_hat",
    "item:artifacts:pickaxe_heater",
    "item:artifacts:onion_ring",
    "item:artifacts:cowboy_hat",
    "item:things:gleaming_compound",
    "item:artifacts:whoopee_cushion",
    "item:mythicmetals:steel_ingot",
    "item:artifacts:pocket_piston",
    "item:things:arm_extender",
    "item:things:riot_gauntlet",
    "item:things:mining_gloves",
    "item:candlelight:gold_ring{Damage:0}",
    "item:supplementaries:bubble_blower{Damage:0}",
    "item:ends_delight:bubble_tea",
    "item:endermanoverhaul:bubble_pearl",
    "item:things:hades_crystal",
    "item:artifacts:antidote_vessel",
    "item:artifacts:obsidian_skull",
    "item:artifacts:cloud_in_a_bottle",
    "item:artifacts:superstitious_hat",
    "item:artifacts:villager_hat",
    "item:artifacts:night_vision_goggles",
    "item:artifacts:snorkel",
    "item:artifacts:novelty_drinking_hat",
    "item:artifacts:plastic_drinking_hat",
    "item:artifacts:eternal_steak",
    "item:artifacts:everlasting_beef",
    "item:artifacts:umbrella",
    "item:createaddition:electrum_ingot",
    "item:createaddition:electrum_nugget",
    "item:supplementaries:crystal_display"
  ],
  "craft_history": [],
  "recipe_defaults": {
    "added": [],
    "tags": {},
    "resolutions": {},
    "disabled": []
  },
  "hidden_stacks": []
}