{
  "roll": {
    "type": "constant",
    "count": 1
  },
  "input1": {
    "filter": "minecraft:emerald",
    "count": {
      "type": "constant",
      "count": 8
    }
  },
  "output": [
    {
      "item": "luphieclutteredmod:pink_bicycle",
      "count": {
        "type": "constant",
        "count": 1
      },
      "weight": 1
    },
    {
      "item": "luphieclutteredmod:blue_bicycle",
      "count": {
        "type": "constant",
        "count": 1
      },
      "weight": 1
    },
    {
      "item": "luphieclutteredmod:purple_bicycle",
      "count": {
        "type": "constant",
        "count": 1
      },
      "weight": 1
    },
    {
      "item": "luphieclutteredmod:yellow_bicycle",
      "count": {
        "type": "constant",
        "count": 1
      },
      "weight": 1
    },
    {
      "item": "minecraft:diamond",
      "count": {
        "type": "constant",
        "count": 1
      },
      "weight": 1
    },
    {
      "item": "minecraft:brewing_stand",
      "count": {
        "type": "constant",
        "count": 1
      },
      "weight": 1
    },
    {
      "item": "mighty_mail:post_box",
      "count": {
        "type": "constant",
        "count": 1
      },
      "weight": 1
    },
    {
      "item": "a_man_with_plushies:golden_plush_box",
      "count": {
        "type": "constant",
        "count": 1
      },
      "weight": 1
    },
    {
      "item": "brewery:copper_brewingstation",
      "count": {
        "type": "constant",
        "count": 1
      },
      "weight": 1
    },
    {
      "item": "chipped:tinkering_table",
      "count": {
        "type": "constant",
        "count": 1
      },
      "weight": 1
    }
  ]
}
