{
  "roll": {
    "type": "constant",
    "count": 1
  },
  "input1": {
    "filter": "minecraft:emerald",
    "count": {
      "type": "constant",
      "count": 7
    }
  },
  "output": [
    {
      "item": "farmersdelight:cooking_pot",
      "count": {
        "type": "constant",
        "count": 1
      },
      "weight": 1
    },
    {
      "item": "herbalbrews:cauldron",
      "count": {
        "type": "constant",
        "count": 1
      },
      "weight": 1
    },
    {
      "item": "bitsandchisels:diamond_chisel",
      "count": {
        "type": "constant",
        "count": 1
      },
      "weight": 1
    },
    {
      "item": "brewery:wooden_brewingstation",
      "count": {
        "type": "constant",
        "count": 1
      },
      "weight": 1
    },
    {
      "item": "candlelight:typewriter_iron",
      "count": {
        "type": "constant",
        "count": 1
      },
      "weight": 1
    },
    {
      "item": "candlelight:typewriter_copper",
      "count": {
        "type": "constant",
        "count": 1
      },
      "weight": 1
    }
  ]
}
