{
  "roll": {
    "type": "constant",
    "count": 1
  },
  "input1": {
    "filter": "minecraft:emerald_block",
    "count": {
      "type": "constant",
      "count": 32
    }
  },
  "output": [
    {
      "item": "minecraft:axolotl_spawn_egg",
      "count": {
        "type": "constant",
        "count": 1
      },
      "weight": 1
    },
    {
      "item": "minecraft:blaze_spawn_egg",
      "count": {
        "type": "constant",
        "count": 1
      },
      "weight": 1
    },
    {
      "item": "minecraft:cave_spider_spawn_egg",
      "count": {
        "type": "constant",
        "count": 1
      },
      "weight": 1
    },
    {
      "item": "minecraft:camel_spawn_egg",
      "count": {
        "type": "constant",
        "count": 1
      },
      "weight": 1
    },
    {
      "item": "minecraft:cow_spawn_egg",
      "count": {
        "type": "constant",
        "count": 1
      },
      "weight": 1
    },
    {
      "item": "minecraft:creeper_spawn_egg",
      "count": {
        "type": "constant",
        "count": 1
      },
      "weight": 1
    },
    {
      "item": "minecraft:drowned_spawn_egg",
      "count": {
        "type": "constant",
        "count": 1
      },
      "weight": 1
    },
    {
      "item": "minecraft:enderman_spawn_egg",
      "count": {
        "type": "constant",
        "count": 1
      },
      "weight": 1
    },
    {
      "item": "minecraft:ghast_spawn_egg",
      "count": {
        "type": "constant",
        "count": 1
      },
      "weight": 1
    },
    {
      "item": "minecraft:guardian_spawn_egg",
      "count": {
        "type": "constant",
        "count": 1
      },
      "weight": 1
    },
    {
      "item": "minecraft:hoglin_spawn_egg",
      "count": {
        "type": "constant",
        "count": 1
      },
      "weight": 1
    },
    {
      "item": "minecraft:horse_spawn_egg",
      "count": {
        "type": "constant",
        "count": 1
      },
      "weight": 1
    },
    {
      "item": "minecraft:husk_spawn_egg",
      "count": {
        "type": "constant",
        "count": 1
      },
      "weight": 1
    },
    {
      "item": "minecraft:magma_cube_spawn_egg",
      "count": {
        "type": "constant",
        "count": 1
      },
      "weight": 1
    },
    {
      "item": "minecraft:mooshroom_spawn_egg",
      "count": {
        "type": "constant",
        "count": 1
      },
      "weight": 1
    },
    {
      "item": "minecraft:panda_spawn_egg",
      "count": {
        "type": "constant",
        "count": 1
      },
      "weight": 1
    },
    {
      "item": "minecraft:phantom_spawn_egg",
      "count": {
        "type": "constant",
        "count": 1
      },
      "weight": 1
    },
    {
      "item": "minecraft:pig_spawn_egg",
      "count": {
        "type": "constant",
        "count": 1
      },
      "weight": 1
    },
    {
      "item": "minecraft:chicken_spawn_egg",
      "count": {
        "type": "constant",
        "count": 1
      },
      "weight": 1
    },
    {
      "item": "minecraft:sheep_spawn_egg",
      "count": {
        "type": "constant",
        "count": 1
      },
      "weight": 1
    },
    {
      "item": "minecraft:skeleton_spawn_egg",
      "count": {
        "type": "constant",
        "count": 1
      },
      "weight": 1
    },
    {
      "item": "minecraft:slime_spawn_egg",
      "count": {
        "type": "constant",
        "count": 1
      },
      "weight": 1
    },
    {
      "item": "minecraft:sniffer_spawn_egg",
      "count": {
        "type": "constant",
        "count": 1
      },
      "weight": 1
    },
    {
      "item": "minecraft:spider_spawn_egg",
      "count": {
        "type": "constant",
        "count": 1
      },
      "weight": 1
    },
    {
      "item": "minecraft:stray_spawn_egg",
      "count": {
        "type": "constant",
        "count": 1
      },
      "weight": 1
    },

    {
      "item": "minecraft:witch_spawn_egg",
      "count": {
        "type": "constant",
        "count": 1
      },
      "weight": 1
    },
    {
      "item": "minecraft:wither_skeleton_spawn_egg",
      "count": {
        "type": "constant",
        "count": 1
      },
      "weight": 1
    },
    {
      "item": "minecraft:zombie_spawn_egg",
      "count": {
        "type": "constant",
        "count": 1
      },
      "weight": 1
    }
  ]
}
