{
  "#README": "This config file does not support comments. To see them configure it in-game using YACL or Cloth Config",
  "types": {
    "leaves_type": {
      "chipped.apple_acacia": true,
      "chipped.cherry_acacia": true,
      "chipped.dead_acacia": true,
      "chipped.frosted_acacia": true,
      "chipped.golden_acacia": true,
      "chipped.golden_cherry_acacia": true,
      "chipped.magenta_flower_acacia": true,
      "chipped.orange_acacia": true,
      "chipped.red_acacia": true,
      "chipped.white_flower_acacia": true,
      "chipped.apple_birch": true,
      "chipped.cherry_birch": true,
      "chipped.dead_birch": true,
      "chipped.frosted_birch": true,
      "chipped.golden_birch": true,
      "chipped.golden_cherry_birch": true,
      "chipped.magenta_flower_birch": true,
      "chipped.orange_birch": true,
      "chipped.red_birch": true,
      "chipped.white_flower_birch": true,
      "chipped.apple_dark_oak": true,
      "chipped.cherry_dark_oak": true,
      "chipped.dead_dark_oak": true,
      "chipped.frosted_dark_oak": true,
      "chipped.golden_dark_oak": true,
      "chipped.golden_cherry_dark_oak": true,
      "chipped.magenta_flower_dark_oak": true,
      "chipped.orange_dark_oak": true,
      "chipped.red_dark_oak": true,
      "chipped.white_flower_dark_oak": true,
      "chipped.apple_jungle": true,
      "chipped.cherry_jungle": true,
      "chipped.dead_jungle": true,
      "chipped.frosted_jungle": true,
      "chipped.golden_jungle": true,
      "chipped.golden_cherry_jungle": true,
      "chipped.magenta_flower_jungle": true,
      "chipped.orange_jungle": true,
      "chipped.red_jungle": true,
      "chipped.white_flower_jungle": true,
      "chipped.apple_oak": true,
      "chipped.cherry_oak": true,
      "chipped.dead_oak": true,
      "chipped.frosted_oak": true,
      "chipped.golden_oak": true,
      "chipped.golden_cherry_oak": true,
      "chipped.magenta_flower_oak": true,
      "chipped.orange_oak": true,
      "chipped.red_oak": true,
      "chipped.white_flower_oak": true,
      "chipped.apple_spruce": true,
      "chipped.cherry_spruce": true,
      "chipped.dead_spruce": true,
      "chipped.frosted_spruce": true,
      "chipped.golden_spruce": true,
      "chipped.golden_cherry_spruce": true,
      "chipped.magenta_flower_spruce": true,
      "chipped.orange_spruce": true,
      "chipped.red_spruce": true,
      "chipped.white_flower_spruce": true,
      "chipped.golden_apple_acacia": true,
      "chipped.golden_apple_birch": true,
      "chipped.golden_apple_dark_oak": true,
      "chipped.golden_apple_jungle": true,
      "chipped.golden_apple_oak": true,
      "chipped.golden_apple_spruce": true,
      "betterend.pythadendron": true,
      "betterend.lacugrove": true,
      "betterend.dragon_tree": true,
      "betterend.tenanea": true,
      "betterend.lucernia": true,
      "vinery.grapevine": true,
      "vinery.dark_cherry": true,
      "vinery.apple": true
    },
    "cake": {
      "createaddition.chocolate_cake": true,
      "createaddition.honey_cake": true,
      "ubesdelight.ube_cake": true
    },
    "wood_type": {
      "betterend.mossy_glowshroom": true,
      "betterend.pythadendron": true,
      "betterend.end_lotus": true,
      "betterend.lacugrove": true,
      "betterend.dragon_tree": true,
      "betterend.tenanea": true,
      "betterend.helix_tree": true,
      "betterend.umbrella_tree": true,
      "betterend.jellyshroom": true,
      "betterend.lucernia": true,
      "vinery.dark_cherry": true,
      "luphieclutteredmod.luphie_flowering_pink": true,
      "luphieclutteredmod.luphie_yellow": true,
      "luphieclutteredmod.luphie_flowering_yellow": true,
      "luphieclutteredmod.luphie_green": true,
      "luphieclutteredmod.luphie_glow": true,
      "luphieclutteredmod.luphie_purple": true,
      "luphieclutteredmod.luphie_flowering_purple": true,
      "luphieclutteredmod.luphie_pink": true
    }
  },
  "entries": {
    "leaves_type": {
      "mcwfences.hedge": true
    },
    "wood_type": {
      "chipped.fine_planks": true,
      "chipped.checkered_trapdoor": true,
      "mcwroofs.top_roof": true,
      "mcwfurnitures.stripped_glass_table": true,
      "handcrafted.fancy_bed": true,
      "chipped.tiled_door": true,
      "bbb.ladder": true,
      "chipped.center_cut_log": true,
      "mcwroofs.lower_roof": true,
      "chipped.pegged_planks": true,
      "mcwdoors.japanese2_door": true,
      "chipped.secret_door": true,
      "chipped.smooth_planks": true,
      "chipped.bared_glass": true,
      "mcwfurnitures.end_table": true,
      "chipped.ornate_bared_glass": true,
      "mcwbridges.bridge_pier": true,
      "chipped.hewn_planks": true,
      "mcwfurnitures.stool_chair": true,
      "mcwroofs.planks_roof": true,
      "mcwdoors.tropical_door": true,
      "mcwdoors.barn_glass_door": true,
      "handcrafted.dining_bench": true,
      "mcwroofs.steep_roof": true,
      "mcwdoors.four_panel_door": true,
      "mcwfurnitures.stripped_drawer_counter": true,
      "bbb.support": true,
      "chipped.beach_door": true,
      "chipped.fine_vertical_planks": true,
      "chipped.diamond_bordered_glass": true,
      "mcwtrpdoors.swamp_trapdoor": true,
      "mcwfurnitures.stripped_counter": true,
      "chipped.distorted_trapdoor": true,
      "mcwpaths.planks_path": true,
      "chipped.iron_barred_trapdoor": true,
      "handcrafted.drawer": true,
      "mcwfurnitures.covered_desk": true,
      "chipped.firewood_log": true,
      "mcwwindows.plank_four_window": true,
      "mcwfences.picket_fence": true,
      "chipped.whirlwind_planks": true,
      "chipped.large_diamond_glass_pane": true,
      "mcwfurnitures.stripped_modern_wardrobe": true,
      "chipped.mixed_log": true,
      "mcwwindows.window2": true,
      "chipped.framed_planks": true,
      "chipped.square_glass": true,
      "chipped.vined_trapdoor": true,
      "chipped.barrel": true,
      "farmersdelight.cabinet": true,
      "chipped.detailed_planks": true,
      "mcwfurnitures.stripped_covered_desk": true,
      "bbb.layer": true,
      "mcwfurnitures.stripped_cupboard_counter": true,
      "mcwtrpdoors.cottage_trapdoor": true,
      "chipped.cobweb_trapdoor": true,
      "mcwfurnitures.stripped_triple_drawer": true,
      "mcwfurnitures.stripped_chair": true,
      "chipped.barred_trapdoor": true,
      "bbb.beam_slab": true,
      "mcwbridges.rope_bridge": true,
      "chipped.airy_trapdoor": true,
      "handcrafted.couch": true,
      "mcwfurnitures.stripped_modern_desk": true,
      "mcwfurnitures.stripped_bookshelf_cupboard": true,
      "mcwfurnitures.modern_wardrobe": true,
      "mcwfences.wired_fence": true,
      "chipped.pressed_door": true,
      "mcwfurnitures.striped_chair": true,
      "chipped.planks_panel": true,
      "mcwbridges.log_bridge_middle": true,
      "mcwfurnitures.stripped_large_drawer": true,
      "mcwwindows.stripped_log_window": true,
      "bbb.trim": true,
      "chipped.solid_trapdoor": true,
      "mcwfurnitures.wardrobe": true,
      "chipped.boarded_door": true,
      "chipped.meshed_trapdoor": true,
      "chipped.fancy_trapdoor": true,
      "mcwfurnitures.modern_desk": true,
      "mighty_mail.mail_box": true,
      "chipped.paper_door": true,
      "mcwlights.soul_tiki_torch": true,
      "mcwfurnitures.stripped_end_table": true,
      "mcwtrpdoors.classic_trapdoor": true,
      "chipped.basket_woven_planks": true,
      "mcwtrpdoors.bamboo_trapdoor": true,
      "chipped.enclosed_planks": true,
      "chipped.flowering_log": true,
      "chipped.double_herringbone_planks": true,
      "another_furniture.bench": true,
      "mcwfurnitures.drawer": true,
      "chipped.crated_planks": true,
      "handcrafted.bench": true,
      "mcwdoors.cottage_door": true,
      "mcwwindows.plank_window2": true,
      "chipped.reinforced_log": true,
      "mcwfurnitures.chair": true,
      "mcwfurnitures.stripped_table": true,
      "bbb.pallet": true,
      "mcwfurnitures.double_drawer_counter": true,
      "chipped.classic_windowed_trapdoor": true,
      "chipped.wickered_planks": true,
      "mcwtrpdoors.barn_trapdoor": true,
      "mcwtrpdoors.four_panel_trapdoor": true,
      "chipped.heavy_trapdoor": true,
      "chipped.laced_planks": true,
      "chipped.boxed_planks": true,
      "chipped.reinforced_crate": true,
      "mcwdoors.swamp_door": true,
      "chipped.large_diamond_glass": true,
      "chipped.snowflake_glass_pane": true,
      "mcwfurnitures.drawer_counter": true,
      "chipped.bricky_planks": true,
      "chipped.slotted_trapdoor": true,
      "mcwtrpdoors.barred_trapdoor": true,
      "mcwfurnitures.counter": true,
      "mcwfurnitures.table": true,
      "chipped.bundled_log": true,
      "mcwroofs.planks_top_roof": true,
      "chipped.polished_planks": true,
      "chipped.ornate_bared_glass_pane": true,
      "friendsandfoes.beehive": true,
      "mcwbridges.log_bridge_stair": true,
      "chipped.wall_torch": true,
      "mcwdoors.barn_door": true,
      "chipped.glass_door": true,
      "chipped.paneled_door": true,
      "bbb.wall": true,
      "chipped.leafy_trapdoor": true,
      "mcwfurnitures.stripped_double_drawer": true,
      "chipped.pointless_trapdoor": true,
      "mcwfurnitures.lower_triple_drawer": true,
      "chipped.planks_shavings": true,
      "mcwfurnitures.bookshelf": true,
      "mcwfurnitures.stripped_wardrobe": true,
      "mcwfurnitures.large_drawer": true,
      "mcwfences.pyramid_gate": true,
      "mcwdoors.classic_door": true,
      "chipped.windowed_trapdoor": true,
      "chipped.tile_windowed_door": true,
      "bbb.beam": true,
      "chipped.golden_barred_trapdoor": true,
      "handcrafted.counter": true,
      "mcwroofs.planks_upper_steep_roof": true,
      "chipped.overgrown_trapdoor": true,
      "chipped.overgrown_door": true,
      "chipped.windowed_door": true,
      "handcrafted.corner_trim": true,
      "handcrafted.desk": true,
      "chipped.classic_trapdoor": true,
      "chipped.circle_glass": true,
      "mcwtrpdoors.ranch_trapdoor": true,
      "mcwfurnitures.stripped_desk": true,
      "mcwwindows.louvered_shutter": true,
      "chipped.torch": true,
      "chipped.screen_door": true,
      "mcwfences.highley_gate": true,
      "chipped.crossed_planks": true,
      "mcwroofs.upper_steep_roof": true,
      "mcwfurnitures.stripped_lower_triple_drawer": true,
      "mcwtrpdoors.beach_trapdoor": true,
      "mcwfurnitures.bookshelf_drawer": true,
      "chipped.cross_laced_planks": true,
      "mcwfurnitures.double_drawer": true,
      "mcwfurnitures.stripped_coffee_table": true,
      "chipped.railed_planks": true,
      "mcwwindows.plank_pane_window": true,
      "chipped.planks_mosaic": true,
      "mcwfurnitures.stripped_striped_chair": true,
      "mcwtrpdoors.glass_trapdoor": true,
      "chipped.circle_glass_pane": true,
      "chipped.versailles_planks": true,
      "handcrafted.side_table": true,
      "mcwtrpdoors.blossom_trapdoor": true,
      "mcwroofs.upper_lower_roof": true,
      "mcwwindows.stripped_log_window2": true,
      "bbb.frame": true,
      "chipped.planked_log": true,
      "mcwdoors.beach_door": true,
      "mcwfurnitures.stripped_stool_chair": true,
      "mcwwindows.log_parapet": true,
      "another_furniture.flower_box": true,
      "chipped.woven_glass": true,
      "mcwfurnitures.cupboard_counter": true,
      "mcwroofs.attic_roof": true,
      "mcwroofs.planks_upper_lower_roof": true,
      "mcwfurnitures.coffee_table": true,
      "another_furniture.shutter": true,
      "mcwtrpdoors.tropical_trapdoor": true,
      "mcwwindows.stripped_log_four_window": true,
      "mcwfurnitures.glass_table": true,
      "chipped.woven_trapdoor": true,
      "mcwlights.tiki_torch": true,
      "bbb.beam_stairs": true,
      "chipped.gated_door": true,
      "chipped.supported_door": true,
      "chipped.line_bared_glass_pane": true,
      "mcwfurnitures.stripped_double_drawer_counter": true,
      "chipped.horizontal_lined_glass_pane": true,
      "mcwdoors.japanese_door": true,
      "chipped.line_bared_glass": true,
      "chipped.slanted_planks": true,
      "chipped.edge_cut_log": true,
      "chipped.barred_door": true,
      "mcwfences.stockade_fence": true,
      "chipped.suspicious_trapdoor": true,
      "mcwtrpdoors.paper_trapdoor": true,
      "chipped.herringbone_planks": true,
      "handcrafted.table": true,
      "mcwfurnitures.lower_bookshelf_drawer": true,
      "mcwtrpdoors.bark_trapdoor": true,
      "handcrafted.chair": true,
      "another_furniture.drawer": true,
      "chipped.vertically_railed_planks": true,
      "mcwdoors.stable_door": true,
      "mcwdoors.modern_door": true,
      "chipped.bared_glass_pane": true,
      "chipped.diamond_bordered_glass_pane": true,
      "mcwdoors.nether_door": true,
      "chipped.tiled_planks": true,
      "chipped.dual_paneled_door": true,
      "chipped.square_glass_pane": true,
      "mcwdoors.stable_head_door": true,
      "another_furniture.shelf": true,
      "mcwwindows.plank_window": true,
      "chipped.overgrown_log": true,
      "chipped.thin_planks": true,
      "handcrafted.shelf": true,
      "mcwfurnitures.stripped_lower_bookshelf_drawer": true,
      "chipped.warted_trapdoor": true,
      "handcrafted.cupboard": true,
      "create.window_pane": true,
      "mcwroofs.roof": true,
      "chipped.horizontal_lined_glass": true,
      "mcwfurnitures.stripped_bookshelf_drawer": true,
      "mcwfurnitures.stripped_bookshelf": true,
      "mcwfurnitures.modern_chair": true,
      "mcwbridges.rope_bridge_stair": true,
      "mcwroofs.planks_attic_roof": true,
      "mcwwindows.pane_window": true,
      "chipped.natural_planks": true,
      "mcwdoors.western_door": true,
      "mcwwindows.stripped_pane_window": true,
      "chipped.brick_bond_planks": true,
      "mcwdoors.paper_door": true,
      "chipped.bordered_glass_pane": true,
      "chipped.sliding_door": true,
      "chipped.bordered_glass": true,
      "mcwdoors.bamboo_door": true,
      "handcrafted.pillar_trim": true,
      "mcwdoors.glass_door": true,
      "mcwfurnitures.stripped_modern_chair": true,
      "mcwfurnitures.bookshelf_cupboard": true,
      "chipped.shack_door": true,
      "chipped.diagonal_planks": true,
      "mcwfences.horse_fence": true,
      "mcwdoors.mystic_door": true,
      "mcwroofs.planks_steep_roof": true,
      "create.window": true,
      "handcrafted.nightstand": true,
      "mcwbridges.rail_bridge": true,
      "chipped.crate": true,
      "chipped.nailed_planks": true,
      "chipped.cornered_planks": true,
      "chipped.shifted_planks": true,
      "chipped.vertical_planks": true,
      "mcwfurnitures.desk": true,
      "chipped.fortified_door": true,
      "mcwwindows.four_window": true,
      "mcwfurnitures.stripped_double_wardrobe": true,
      "chipped.snowflake_glass": true,
      "chipped.heavy_door": true,
      "mcwwindows.plank_parapet": true,
      "mcwwindows.blinds": true,
      "mcwfurnitures.triple_drawer": true,
      "bbb.lantern": true,
      "another_furniture.table": true,
      "chipped.stacked_planks": true,
      "mcwroofs.planks_lower_roof": true,
      "chipped.twisted_trapdoor": true,
      "mcwwindows.window": true,
      "mcwwindows.shutter": true,
      "mcwfurnitures.double_wardrobe": true,
      "mcwfurnitures.stripped_drawer": true,
      "chipped.diamond_planks": true,
      "chipped.woven_glass_pane": true,
      "mcwdoors.bark_glass_door": true,
      "chipped.damaged_log": true,
      "mcwtrpdoors.mystic_trapdoor": true,
      "mcwtrpdoors.barrel_trapdoor": true,
      "another_furniture.chair": true,
      "chipped.nailed_log": true
    }
  }
}